role,text
Employee,"Employee: Thank you for meeting with me. As a Cybersecurity Analyst, I've taken on additional responsibilities over the past year, including delivered a successful project on time and under budget. I believe these contributions warrant a salary adjustment. Currently, my salary is $134574, and I'm seeking an increase to $58136 to align with market standards and recognize my expanded role."
Employee,"Employee: Over the past year, I have led a project that increased productivity by 20%. Currently, my salary is $55462, and I'm seeking a raise to $97706 to reflect these contributions and align with industry benchmarks. I believe this adjustment will keep me motivated and focused on delivering impactful results."
Employee,Employee: I have consistently delivered results such as delivered a successful project on time and under budget. My current salary of $148006 does not reflect the level of responsibility and impact I’ve taken on. I’m requesting a salary adjustment to $61125 to align with industry standards.
Employee,"Employee: Based on my recent contributions, including secured three new clients generating $1.5 million in revenue, I’m requesting a salary increase from $55361 to $114548. This adjustment is fair given my role and the market trends."
Employee,"Employee: Over the past year, I have automated key workflows, saving the company over $50,000 annually. Currently, my salary is $98647, and I'm seeking a raise to $61065 to reflect these contributions and align with industry benchmarks. I believe this adjustment will keep me motivated and focused on delivering impactful results."
Employee,"Employee: Thank you for meeting with me. As a Data Engineer, I've taken on additional responsibilities over the past year, including mentored junior staff, improving team performance significantly. I believe these contributions warrant a salary adjustment. Currently, my salary is $120444, and I'm seeking an increase to $67210 to align with market standards and recognize my expanded role."
Employee,"Employee: I have consistently delivered results such as mentored junior staff, improving team performance significantly. My current salary of $106053 does not reflect the level of responsibility and impact I’ve taken on. I’m requesting a salary adjustment to $83936 to align with industry standards."
Employee,"Employee: Over the past year, I have secured three new clients generating $1.5 million in revenue. Currently, my salary is $128846, and I'm seeking a raise to $63470 to reflect these contributions and align with industry benchmarks. I believe this adjustment will keep me motivated and focused on delivering impactful results."
Employee,"Employee: Over the past year, I have led a project that increased productivity by 20%. Currently, my salary is $124757, and I'm seeking a raise to $95987 to reflect these contributions and align with industry benchmarks. I believe this adjustment will keep me motivated and focused on delivering impactful results."
Employee,"Employee: Thank you for meeting with me. As a DevOps Engineer, I've taken on additional responsibilities over the past year, including led a project that increased productivity by 20%. I believe these contributions warrant a salary adjustment. Currently, my salary is $103022, and I'm seeking an increase to $79739 to align with market standards and recognize my expanded role."
Employee,Employee: I have consistently delivered results such as secured three new clients generating $1.5 million in revenue. My current salary of $73308 does not reflect the level of responsibility and impact I’ve taken on. I’m requesting a salary adjustment to $114173 to align with industry standards.
Employee,"Employee: Thank you for meeting with me. As a Cybersecurity Analyst, I've taken on additional responsibilities over the past year, including automated key workflows, saving the company over $50,000 annually. I believe these contributions warrant a salary adjustment. Currently, my salary is $81929, and I'm seeking an increase to $157260 to align with market standards and recognize my expanded role."
Employee,"Employee: Based on my recent contributions, including led a project that increased productivity by 20%, I’m requesting a salary increase from $87687 to $154364. This adjustment is fair given my role and the market trends."
Employee,"Employee: Based on my recent contributions, including led a project that increased productivity by 20%, I’m requesting a salary increase from $69985 to $100571. This adjustment is fair given my role and the market trends."
Employee,"Employee: Thank you for meeting with me. As a DevOps Engineer, I've taken on additional responsibilities over the past year, including mentored junior staff, improving team performance significantly. I believe these contributions warrant a salary adjustment. Currently, my salary is $73462, and I'm seeking an increase to $86512 to align with market standards and recognize my expanded role."
Employee,Employee: I have consistently delivered results such as led a project that increased productivity by 20%. My current salary of $124107 does not reflect the level of responsibility and impact I’ve taken on. I’m requesting a salary adjustment to $83209 to align with industry standards.
Employee,"Employee: Based on my recent contributions, including delivered a successful project on time and under budget, I’m requesting a salary increase from $98116 to $84187. This adjustment is fair given my role and the market trends."
Employee,"Employee: Thank you for meeting with me. As a Cybersecurity Analyst, I've taken on additional responsibilities over the past year, including led a project that increased productivity by 20%. I believe these contributions warrant a salary adjustment. Currently, my salary is $70921, and I'm seeking an increase to $121199 to align with market standards and recognize my expanded role."
Employee,Employee: I have consistently delivered results such as delivered a successful project on time and under budget. My current salary of $70682 does not reflect the level of responsibility and impact I’ve taken on. I’m requesting a salary adjustment to $150835 to align with industry standards.
Employee,"Employee: I have consistently delivered results such as automated key workflows, saving the company over $50,000 annually. My current salary of $62159 does not reflect the level of responsibility and impact I’ve taken on. I’m requesting a salary adjustment to $137408 to align with industry standards."
Employee,"Employee: Over the past year, I have automated key workflows, saving the company over $50,000 annually. Currently, my salary is $105162, and I'm seeking a raise to $128596 to reflect these contributions and align with industry benchmarks. I believe this adjustment will keep me motivated and focused on delivering impactful results."
Employee,"Employee: Based on my recent contributions, including mentored junior staff, improving team performance significantly, I’m requesting a salary increase from $122096 to $125647. This adjustment is fair given my role and the market trends."
Employee,"Employee: Over the past year, I have led a project that increased productivity by 20%. Currently, my salary is $67907, and I'm seeking a raise to $100625 to reflect these contributions and align with industry benchmarks. I believe this adjustment will keep me motivated and focused on delivering impactful results."
Employee,"Employee: I have consistently delivered results such as automated key workflows, saving the company over $50,000 annually. My current salary of $122564 does not reflect the level of responsibility and impact I’ve taken on. I’m requesting a salary adjustment to $93925 to align with industry standards."
Employee,"Employee: Based on my recent contributions, including led a project that increased productivity by 20%, I’m requesting a salary increase from $128859 to $63779. This adjustment is fair given my role and the market trends."
Employee,"Employee: Thank you for meeting with me. As a Data Engineer, I've taken on additional responsibilities over the past year, including led a project that increased productivity by 20%. I believe these contributions warrant a salary adjustment. Currently, my salary is $70962, and I'm seeking an increase to $124244 to align with market standards and recognize my expanded role."
Employee,"Employee: Over the past year, I have automated key workflows, saving the company over $50,000 annually. Currently, my salary is $48113, and I'm seeking a raise to $125555 to reflect these contributions and align with industry benchmarks. I believe this adjustment will keep me motivated and focused on delivering impactful results."
Employee,Employee: I have consistently delivered results such as led a project that increased productivity by 20%. My current salary of $95165 does not reflect the level of responsibility and impact I’ve taken on. I’m requesting a salary adjustment to $85907 to align with industry standards.
Employee,"Employee: Over the past year, I have mentored junior staff, improving team performance significantly. Currently, my salary is $76843, and I'm seeking a raise to $70224 to reflect these contributions and align with industry benchmarks. I believe this adjustment will keep me motivated and focused on delivering impactful results."
Employee,"Employee: Based on my recent contributions, including led a project that increased productivity by 20%, I’m requesting a salary increase from $111292 to $140977. This adjustment is fair given my role and the market trends."
Employee,"Employee: Based on my recent contributions, including delivered a successful project on time and under budget, I’m requesting a salary increase from $146176 to $64385. This adjustment is fair given my role and the market trends."
Employee,"Employee: Based on my recent contributions, including mentored junior staff, improving team performance significantly, I’m requesting a salary increase from $110495 to $155060. This adjustment is fair given my role and the market trends."
Employee,"Employee: Over the past year, I have automated key workflows, saving the company over $50,000 annually. Currently, my salary is $142432, and I'm seeking a raise to $137218 to reflect these contributions and align with industry benchmarks. I believe this adjustment will keep me motivated and focused on delivering impactful results."
Employee,"Employee: Over the past year, I have secured three new clients generating $1.5 million in revenue. Currently, my salary is $97079, and I'm seeking a raise to $106674 to reflect these contributions and align with industry benchmarks. I believe this adjustment will keep me motivated and focused on delivering impactful results."
Employee,"Employee: Based on my recent contributions, including secured three new clients generating $1.5 million in revenue, I’m requesting a salary increase from $121810 to $120810. This adjustment is fair given my role and the market trends."
Employee,Employee: I have consistently delivered results such as led a project that increased productivity by 20%. My current salary of $89810 does not reflect the level of responsibility and impact I’ve taken on. I’m requesting a salary adjustment to $81877 to align with industry standards.
Employee,"Employee: Over the past year, I have delivered a successful project on time and under budget. Currently, my salary is $78276, and I'm seeking a raise to $55895 to reflect these contributions and align with industry benchmarks. I believe this adjustment will keep me motivated and focused on delivering impactful results."
Employee,"Employee: Based on my recent contributions, including led a project that increased productivity by 20%, I’m requesting a salary increase from $104778 to $51429. This adjustment is fair given my role and the market trends."
Employee,"Employee: Thank you for meeting with me. As a Machine Learning Engineer, I've taken on additional responsibilities over the past year, including delivered a successful project on time and under budget. I believe these contributions warrant a salary adjustment. Currently, my salary is $55666, and I'm seeking an increase to $132600 to align with market standards and recognize my expanded role."
Employee,"Employee: Thank you for meeting with me. As a Data Engineer, I've taken on additional responsibilities over the past year, including delivered a successful project on time and under budget. I believe these contributions warrant a salary adjustment. Currently, my salary is $97584, and I'm seeking an increase to $50826 to align with market standards and recognize my expanded role."
Employee,"Employee: Based on my recent contributions, including delivered a successful project on time and under budget, I’m requesting a salary increase from $127431 to $109227. This adjustment is fair given my role and the market trends."
Employee,"Employee: Over the past year, I have secured three new clients generating $1.5 million in revenue. Currently, my salary is $63811, and I'm seeking a raise to $133076 to reflect these contributions and align with industry benchmarks. I believe this adjustment will keep me motivated and focused on delivering impactful results."
Employee,"Employee: Over the past year, I have mentored junior staff, improving team performance significantly. Currently, my salary is $96578, and I'm seeking a raise to $79299 to reflect these contributions and align with industry benchmarks. I believe this adjustment will keep me motivated and focused on delivering impactful results."
Employee,"Employee: Based on my recent contributions, including automated key workflows, saving the company over $50,000 annually, I’m requesting a salary increase from $88894 to $101325. This adjustment is fair given my role and the market trends."
Employee,"Employee: Thank you for meeting with me. As a Software Developer, I've taken on additional responsibilities over the past year, including secured three new clients generating $1.5 million in revenue. I believe these contributions warrant a salary adjustment. Currently, my salary is $145800, and I'm seeking an increase to $94874 to align with market standards and recognize my expanded role."
Employee,"Employee: Thank you for meeting with me. As a Data Scientist, I've taken on additional responsibilities over the past year, including mentored junior staff, improving team performance significantly. I believe these contributions warrant a salary adjustment. Currently, my salary is $125104, and I'm seeking an increase to $90846 to align with market standards and recognize my expanded role."
Employee,"Employee: Based on my recent contributions, including delivered a successful project on time and under budget, I’m requesting a salary increase from $106762 to $55321. This adjustment is fair given my role and the market trends."
Employee,Employee: I have consistently delivered results such as delivered a successful project on time and under budget. My current salary of $142523 does not reflect the level of responsibility and impact I’ve taken on. I’m requesting a salary adjustment to $73999 to align with industry standards.
Employee,"Employee: Over the past year, I have mentored junior staff, improving team performance significantly. Currently, my salary is $122277, and I'm seeking a raise to $121059 to reflect these contributions and align with industry benchmarks. I believe this adjustment will keep me motivated and focused on delivering impactful results."
Employee,"Employee: Thank you for meeting with me. As a Data Engineer, I've taken on additional responsibilities over the past year, including mentored junior staff, improving team performance significantly. I believe these contributions warrant a salary adjustment. Currently, my salary is $53062, and I'm seeking an increase to $94368 to align with market standards and recognize my expanded role."
HR Manager,"HR Manager: Your contributions, such as mentored junior staff, improving team performance significantly, are appreciated. However, considering recent restructuring efforts, we can offer $59021 with RSUs worth $10,000 annually. This ensures fairness across the team and aligns with our budget."
HR Manager,"HR Manager: We acknowledge your contributions, including secured three new clients generating $1.5 million in revenue. Given our current recent restructuring efforts, we can propose $105845 as an adjustment, along with a clear pathway for promotion. This package recognizes your impact while staying within our financial limits."
HR Manager,"HR Manager: I appreciate your achievements, such as mentored junior staff, improving team performance significantly. However, due to a hiring freeze and limited resources, we can offer $142103. We hope this proposal, combined with performance bonuses, demonstrates our commitment to your growth."
HR Manager,"HR Manager: Your contributions, such as led a project that increased productivity by 20%, are appreciated. However, considering recent restructuring efforts, we can offer $65301 with a clear pathway for promotion. This ensures fairness across the team and aligns with our budget."
HR Manager,"HR Manager: Your contributions, such as automated key workflows, saving the company over $50,000 annually, are appreciated. However, considering a hiring freeze and limited resources, we can offer $54483 with RSUs worth $10,000 annually. This ensures fairness across the team and aligns with our budget."
HR Manager,"HR Manager: Based on your contributions, including secured three new clients generating $1.5 million in revenue, we’re able to offer $137191, with performance bonuses. This reflects your impact while adhering to a hiring freeze and limited resources."
HR Manager,"HR Manager: Based on your contributions, including mentored junior staff, improving team performance significantly, we’re able to offer $117756, with RSUs worth $10,000 annually. This reflects your impact while adhering to recent restructuring efforts."
HR Manager,"HR Manager: I appreciate your achievements, such as automated key workflows, saving the company over $50,000 annually. However, due to current budget constraints, we can offer $56087. We hope this proposal, combined with performance bonuses, demonstrates our commitment to your growth."
HR Manager,"HR Manager: We acknowledge your contributions, including mentored junior staff, improving team performance significantly. Given our current current budget constraints, we can propose $144241 as an adjustment, along with performance bonuses. This package recognizes your impact while staying within our financial limits."
HR Manager,"HR Manager: We acknowledge your contributions, including secured three new clients generating $1.5 million in revenue. Given our current recent restructuring efforts, we can propose $111652 as an adjustment, along with a clear pathway for promotion. This package recognizes your impact while staying within our financial limits."
HR Manager,"HR Manager: Based on your contributions, including secured three new clients generating $1.5 million in revenue, we’re able to offer $159661, with a clear pathway for promotion. This reflects your impact while adhering to a hiring freeze and limited resources."
HR Manager,"HR Manager: I appreciate your achievements, such as mentored junior staff, improving team performance significantly. However, due to current budget constraints, we can offer $122735. We hope this proposal, combined with RSUs worth $10,000 annually, demonstrates our commitment to your growth."
HR Manager,"HR Manager: Your contributions, such as secured three new clients generating $1.5 million in revenue, are appreciated. However, considering current budget constraints, we can offer $93282 with a clear pathway for promotion. This ensures fairness across the team and aligns with our budget."
HR Manager,"HR Manager: Based on your contributions, including led a project that increased productivity by 20%, we’re able to offer $141423, with RSUs worth $10,000 annually. This reflects your impact while adhering to a hiring freeze and limited resources."
HR Manager,"HR Manager: I appreciate your achievements, such as delivered a successful project on time and under budget. However, due to a hiring freeze and limited resources, we can offer $127897. We hope this proposal, combined with RSUs worth $10,000 annually, demonstrates our commitment to your growth."
HR Manager,"HR Manager: I appreciate your achievements, such as mentored junior staff, improving team performance significantly. However, due to the need for equity across the team, we can offer $116259. We hope this proposal, combined with RSUs worth $10,000 annually, demonstrates our commitment to your growth."
HR Manager,"HR Manager: We acknowledge your contributions, including delivered a successful project on time and under budget. Given our current recent restructuring efforts, we can propose $148608 as an adjustment, along with RSUs worth $10,000 annually. This package recognizes your impact while staying within our financial limits."
HR Manager,"HR Manager: I appreciate your achievements, such as led a project that increased productivity by 20%. However, due to recent restructuring efforts, we can offer $159696. We hope this proposal, combined with additional vacation days, demonstrates our commitment to your growth."
HR Manager,"HR Manager: Your contributions, such as delivered a successful project on time and under budget, are appreciated. However, considering the need for equity across the team, we can offer $157572 with RSUs worth $10,000 annually. This ensures fairness across the team and aligns with our budget."
HR Manager,"HR Manager: I appreciate your achievements, such as led a project that increased productivity by 20%. However, due to the need for equity across the team, we can offer $126229. We hope this proposal, combined with a clear pathway for promotion, demonstrates our commitment to your growth."
HR Manager,"HR Manager: Based on your contributions, including led a project that increased productivity by 20%, we’re able to offer $111917, with a clear pathway for promotion. This reflects your impact while adhering to a hiring freeze and limited resources."
HR Manager,"HR Manager: We acknowledge your contributions, including mentored junior staff, improving team performance significantly. Given our current the need for equity across the team, we can propose $79365 as an adjustment, along with additional vacation days. This package recognizes your impact while staying within our financial limits."
HR Manager,"HR Manager: Your contributions, such as mentored junior staff, improving team performance significantly, are appreciated. However, considering the need for equity across the team, we can offer $77263 with RSUs worth $10,000 annually. This ensures fairness across the team and aligns with our budget."
HR Manager,"HR Manager: Your contributions, such as delivered a successful project on time and under budget, are appreciated. However, considering the need for equity across the team, we can offer $52481 with additional vacation days. This ensures fairness across the team and aligns with our budget."
HR Manager,"HR Manager: Your contributions, such as automated key workflows, saving the company over $50,000 annually, are appreciated. However, considering a hiring freeze and limited resources, we can offer $133485 with additional vacation days. This ensures fairness across the team and aligns with our budget."
HR Manager,"HR Manager: We acknowledge your contributions, including secured three new clients generating $1.5 million in revenue. Given our current current budget constraints, we can propose $63655 as an adjustment, along with performance bonuses. This package recognizes your impact while staying within our financial limits."
HR Manager,"HR Manager: We acknowledge your contributions, including mentored junior staff, improving team performance significantly. Given our current the need for equity across the team, we can propose $141694 as an adjustment, along with performance bonuses. This package recognizes your impact while staying within our financial limits."
HR Manager,"HR Manager: I appreciate your achievements, such as led a project that increased productivity by 20%. However, due to current budget constraints, we can offer $126941. We hope this proposal, combined with a clear pathway for promotion, demonstrates our commitment to your growth."
HR Manager,"HR Manager: Your contributions, such as secured three new clients generating $1.5 million in revenue, are appreciated. However, considering the need for equity across the team, we can offer $150693 with performance bonuses. This ensures fairness across the team and aligns with our budget."
HR Manager,"HR Manager: Based on your contributions, including automated key workflows, saving the company over $50,000 annually, we’re able to offer $152334, with additional vacation days. This reflects your impact while adhering to the need for equity across the team."
HR Manager,"HR Manager: Based on your contributions, including secured three new clients generating $1.5 million in revenue, we’re able to offer $83906, with a clear pathway for promotion. This reflects your impact while adhering to a hiring freeze and limited resources."
HR Manager,"HR Manager: Based on your contributions, including secured three new clients generating $1.5 million in revenue, we’re able to offer $142417, with RSUs worth $10,000 annually. This reflects your impact while adhering to a hiring freeze and limited resources."
HR Manager,"HR Manager: I appreciate your achievements, such as delivered a successful project on time and under budget. However, due to a hiring freeze and limited resources, we can offer $141951. We hope this proposal, combined with RSUs worth $10,000 annually, demonstrates our commitment to your growth."
HR Manager,"HR Manager: I appreciate your achievements, such as automated key workflows, saving the company over $50,000 annually. However, due to the need for equity across the team, we can offer $75852. We hope this proposal, combined with performance bonuses, demonstrates our commitment to your growth."
HR Manager,"HR Manager: I appreciate your achievements, such as automated key workflows, saving the company over $50,000 annually. However, due to current budget constraints, we can offer $53695. We hope this proposal, combined with a clear pathway for promotion, demonstrates our commitment to your growth."
HR Manager,"HR Manager: Your contributions, such as mentored junior staff, improving team performance significantly, are appreciated. However, considering the need for equity across the team, we can offer $116957 with RSUs worth $10,000 annually. This ensures fairness across the team and aligns with our budget."
HR Manager,"HR Manager: I appreciate your achievements, such as automated key workflows, saving the company over $50,000 annually. However, due to the need for equity across the team, we can offer $59065. We hope this proposal, combined with RSUs worth $10,000 annually, demonstrates our commitment to your growth."
HR Manager,"HR Manager: Based on your contributions, including secured three new clients generating $1.5 million in revenue, we’re able to offer $98781, with additional vacation days. This reflects your impact while adhering to a hiring freeze and limited resources."
HR Manager,"HR Manager: We acknowledge your contributions, including led a project that increased productivity by 20%. Given our current the need for equity across the team, we can propose $113294 as an adjustment, along with performance bonuses. This package recognizes your impact while staying within our financial limits."
HR Manager,"HR Manager: I appreciate your achievements, such as automated key workflows, saving the company over $50,000 annually. However, due to current budget constraints, we can offer $134196. We hope this proposal, combined with a clear pathway for promotion, demonstrates our commitment to your growth."
HR Manager,"HR Manager: I appreciate your achievements, such as mentored junior staff, improving team performance significantly. However, due to current budget constraints, we can offer $91899. We hope this proposal, combined with additional vacation days, demonstrates our commitment to your growth."
HR Manager,"HR Manager: We acknowledge your contributions, including automated key workflows, saving the company over $50,000 annually. Given our current the need for equity across the team, we can propose $88745 as an adjustment, along with additional vacation days. This package recognizes your impact while staying within our financial limits."
HR Manager,"HR Manager: I appreciate your achievements, such as mentored junior staff, improving team performance significantly. However, due to a hiring freeze and limited resources, we can offer $86154. We hope this proposal, combined with a clear pathway for promotion, demonstrates our commitment to your growth."
HR Manager,"HR Manager: Your contributions, such as mentored junior staff, improving team performance significantly, are appreciated. However, considering a hiring freeze and limited resources, we can offer $51327 with RSUs worth $10,000 annually. This ensures fairness across the team and aligns with our budget."
HR Manager,"HR Manager: Your contributions, such as secured three new clients generating $1.5 million in revenue, are appreciated. However, considering current budget constraints, we can offer $58784 with a clear pathway for promotion. This ensures fairness across the team and aligns with our budget."
HR Manager,"HR Manager: We acknowledge your contributions, including secured three new clients generating $1.5 million in revenue. Given our current the need for equity across the team, we can propose $121874 as an adjustment, along with a clear pathway for promotion. This package recognizes your impact while staying within our financial limits."
HR Manager,"HR Manager: We acknowledge your contributions, including secured three new clients generating $1.5 million in revenue. Given our current a hiring freeze and limited resources, we can propose $75627 as an adjustment, along with a clear pathway for promotion. This package recognizes your impact while staying within our financial limits."
HR Manager,"HR Manager: We acknowledge your contributions, including led a project that increased productivity by 20%. Given our current a hiring freeze and limited resources, we can propose $84171 as an adjustment, along with additional vacation days. This package recognizes your impact while staying within our financial limits."
HR Manager,"HR Manager: We acknowledge your contributions, including mentored junior staff, improving team performance significantly. Given our current the need for equity across the team, we can propose $56420 as an adjustment, along with additional vacation days. This package recognizes your impact while staying within our financial limits."
HR Manager,"HR Manager: I appreciate your achievements, such as secured three new clients generating $1.5 million in revenue. However, due to current budget constraints, we can offer $93466. We hope this proposal, combined with performance bonuses, demonstrates our commitment to your growth."
