ConversationID,job_role,employee_personality,hr_manager_personality,employee_motivation,manager_constraint,past_achievement
4f72b9de-df84-42d8-a190-7b58b3cc69e2,Market Research Analyst,Flexible and Open-Minded,Independent and Self-Assured,has been with the company for more than 5 years,management is prioritizing retention for critical roles,"automated a process that saved the company $50,000 annually"
b8be503b-92b1-4141-912a-e052eddebcf2,Market Research Analyst,Optimistic and Cheerful,Respectful and Polite,experiencing burnout and sees that a raise could alleviate this feeling,the company has recently implemented a hiring freeze,solved a critical issue that prevented project delays worth millions
c9a03cb0-b1f7-4467-8c6a-b5f6cc8da74e,Data Analyst,Flexible and Open-Minded,Pessimistic and Skeptical,is planning to buy a house and needs higher income for mortgage,the company has been acquired by another company in which new management will determine new compensation packages,"mentored junior employees, improving their performance significantly"
ce9c547f-a3a9-4353-b8f1-fb2b94f3ec93,Supply Chain Analyst,Independent and Self-Assured,Assertive and Direct,has been with the company for more than 5 years,HR policies require a thorough review before approving raises,secured a key client that generated $1 million in revenue
88a92cc5-116d-45a2-9a5d-8232c0b31bbc,Strategy Consultant,Competitive and Driven,Thoughtful and Reflective,experiencing burnout and sees that a raise could alleviate this feeling,"the department budget is tight, but employee retention is crucial",initiated a successful cross-department collaboration project
8f5a6dd5-a99a-4a77-bc52-85468b84f763,Personal Banker,Outspoken and Confident,Pessimistic and Skeptical,received a high-paying offer from another company but doesn't want to leave your current role,management is prioritizing retention for critical roles,"mentored junior employees, improving their performance significantly"
f5971208-da9c-43c7-8377-dfb8722309a9,Risk Analyst,Innovative and Forward-Thinking,Cooperative and Team-Oriented,wants a raise to better support family due to increased living costs,other employees in similar roles have not received raises recently,developed a tool that reduced report generation time by 50%
5c2ff321-fc00-4337-b498-af07bdb8c2d5,Backend Developer,Calm and Composed,Data-Driven and Objective,experiencing burnout and sees that a raise could alleviate this feeling,other employees in similar roles have not received raises recently,received an award for excellent customer feedback
09d6cc14-ea06-4aad-aafc-9357dfb6a22c,Data Scientist,Thoughtful and Reflective,Thoughtful and Reflective,has taken on additional responsibilities without a raise,the company is launching a major initiative and needs to retain talent,trained new hires and significantly reduced onboarding time
b21048bd-641c-41f0-ab48-c903bfd82e7b,Solutions Architect,Independent and Self-Assured,Ambitious and Goal-Oriented,has been receiving competitive offers from other companies,the company is launching a major initiative and needs to retain talent,developed a tool that reduced report generation time by 50%
