role,text
Employee,"Employee: Thank you for meeting with me. As a Cybersecurity Analyst, I've taken on additional responsibilities over the past year, including delivered a successful project on time and under budget. I believe these contributions warrant a salary adjustment. Currently, my salary is $134574, and I'm seeking an increase to $58136 to align with market standards and recognize my expanded role."
Employee,"Employee: Thank you for meeting with me. As a Cybersecurity Analyst, I've taken on additional responsibilities over the past year, including led a project that increased productivity by 20%. I believe these contributions warrant a salary adjustment. Currently, my salary is $70921, and I'm seeking an increase to $121199 to align with market standards and recognize my expanded role."
Employee,Employee: I have consistently delivered results such as led a project that increased productivity by 20%. My current salary of $124107 does not reflect the level of responsibility and impact Ive taken on. Im requesting a salary adjustment to $83209 to align with industry standards.
Employee,"Employee: Over the past year, I have led a project that increased productivity by 20%. Currently, my salary is $55462, and I'm seeking a raise to $97706 to reflect these contributions and align with industry benchmarks. I believe this adjustment will keep me motivated and focused on delivering impactful results."
Employee,"Employee: Over the past year, I have led a project that increased productivity by 20%. Currently, my salary is $124757, and I'm seeking a raise to $95987 to reflect these contributions and align with industry benchmarks. I believe this adjustment will keep me motivated and focused on delivering impactful results."
Employee,"Employee: Thank you for meeting with me. As a Data Engineer, I've taken on additional responsibilities over the past year, including mentored junior staff, improving team performance significantly. I believe these contributions warrant a salary adjustment. Currently, my salary is $120444, and I'm seeking an increase to $67210 to align with market standards and recognize my expanded role."
Employee,"Employee: Thank you for meeting with me. As a Cybersecurity Analyst, I've taken on additional responsibilities over the past year, including automated key workflows, saving the company over $50,000 annually. I believe these contributions warrant a salary adjustment. Currently, my salary is $81929, and I'm seeking an increase to $157260 to align with market standards and recognize my expanded role."
Employee,"Employee: Based on my recent contributions, including secured three new clients generating $1.5 million in revenue, I'm requesting a salary increase from $55361 to $114548. This adjustment is fair given my role and the market trends."
Employee,Employee: I have consistently delivered results such as delivered a successful project on time and under budget. My current salary of $70682 does not reflect the level of responsibility and impact I've taken on. I'm requesting a salary adjustment to $150835 to align with industry standards.
Employee,"Employee: Based on my recent contributions, including delivered a successful project on time and under budget, I'm requesting a salary increase from $98116 to $84187. This adjustment is fair given my role and the market trends."
Employee,"Employee: Based on my recent contributions, including led a project that increased productivity by 20%, I'm requesting a salary increase from $69985 to $100571. This adjustment is fair given my role and the market trends."
Employee,Employee: I have consistently delivered results such as delivered a successful project on time and under budget. My current salary of $148006 does not reflect the level of responsibility and impact I've taken on. I'm requesting a salary adjustment to $61125 to align with industry standards.
Employee,"Employee: Thank you for meeting with me. As a DevOps Engineer, I've taken on additional responsibilities over the past year, including led a project that increased productivity by 20%. I believe these contributions warrant a salary adjustment. Currently, my salary is $103022, and I'm seeking an increase to $79739 to align with market standards and recognize my expanded role."
Employee,"Employee: I have consistently delivered results such as automated key workflows, saving the company over $50,000 annually. My current salary of $62159 does not reflect the level of responsibility and impact I've taken on. I'm requesting a salary adjustment to $137408 to align with industry standards."
Employee,"Employee: Over the past year, I have automated key workflows, saving the company over $50,000 annually. Currently, my salary is $98647, and I'm seeking a raise to $61065 to reflect these contributions and align with industry benchmarks. I believe this adjustment will keep me motivated and focused on delivering impactful results."
HR Manager,"HR Manager: Your contributions, such as mentored junior staff, improving team performance significantly, are appreciated. However, considering recent restructuring efforts, we can offer $59021 with RSUs worth $10,000 annually. This ensures fairness across the team and aligns with our budget."
HR Manager,"HR Manager: I appreciate your achievements, such as led a project that increased productivity by 20%. However, due to recent restructuring efforts, we can offer $159696. We hope this proposal, combined with additional vacation days, demonstrates our commitment to your growth."
HR Manager,"HR Manager: I appreciate your achievements, such as mentored junior staff, improving team performance significantly. However, due to the need for equity across the team, we can offer $116259. We hope this proposal, combined with RSUs worth $10,000 annually, demonstrates our commitment to your growth."
HR Manager,"HR Manager: We acknowledge your contributions, including secured three new clients generating $1.5 million in revenue. Given our current recent restructuring efforts, we can propose $105845 as an adjustment, along with a clear pathway for promotion. This package recognizes your impact while staying within our financial limits."
HR Manager,"HR Manager: We acknowledge your contributions, including mentored junior staff, improving team performance significantly. Given our current current budget constraints, we can propose $144241 as an adjustment, along with performance bonuses. This package recognizes your impact while staying within our financial limits."
HR Manager,"HR Manager: Based on your contributions, including secured three new clients generating $1.5 million in revenue, we're able to offer $137191, with performance bonuses. This reflects your impact while adhering to a hiring freeze and limited resources."
HR Manager,"HR Manager: I appreciate your achievements, such as mentored junior staff, improving team performance significantly. However, due to current budget constraints, we can offer $122735. We hope this proposal, combined with RSUs worth $10,000 annually, demonstrates our commitment to your growth."
HR Manager,"HR Manager: Your contributions, such as led a project that increased productivity by 20%, are appreciated. However, considering recent restructuring efforts, we can offer $65301 with a clear pathway for promotion. This ensures fairness across the team and aligns with our budget."
HR Manager,"HR Manager: Your contributions, such as delivered a successful project on time and under budget, are appreciated. However, considering the need for equity across the team, we can offer $157572 with RSUs worth $10,000 annually. This ensures fairness across the team and aligns with our budget."
HR Manager,"HR Manager: We acknowledge your contributions, including delivered a successful project on time and under budget. Given our current recent restructuring efforts, we can propose $148608 as an adjustment, along with RSUs worth $10,000 annually. This package recognizes your impact while staying within our financial limits."
HR Manager,"HR Manager: Based on your contributions, including led a project that increased productivity by 20%, we're able to offer $141423, with RSUs worth $10,000 annually. This reflects your impact while adhering to a hiring freeze and limited resources."
HR Manager,"HR Manager: I appreciate your achievements, such as mentored junior staff, improving team performance significantly. However, due to a hiring freeze and limited resources, we can offer $142103. We hope this proposal, combined with performance bonuses, demonstrates our commitment to your growth."
HR Manager,"HR Manager: We acknowledge your contributions, including secured three new clients generating $1.5 million in revenue. Given our current recent restructuring efforts, we can propose $111652 as an adjustment, along with a clear pathway for promotion. This package recognizes your impact while staying within our financial limits."
HR Manager,"HR Manager: I appreciate your achievements, such as led a project that increased productivity by 20%. However, due to the need for equity across the team, we can offer $126229. We hope this proposal, combined with a clear pathway for promotion, demonstrates our commitment to your growth."
HR Manager,"HR Manager: Your contributions, such as automated key workflows, saving the company over $50,000 annually, are appreciated. However, considering a hiring freeze and limited resources, we can offer $54483 with RSUs worth $10,000 annually. This ensures fairness across the team and aligns with our budget."
